
@OPD_DOCSLOOP_S
<?xml version='1.0' encoding='utf-8' ?>
<root xmlns='http://tempuri.org/EntradaScanning_SDD.xsd'>
  <TipoDocumento>
+@OPD_REF_ATTR_DocType
+</TipoDocumento>
  <Ruta MIMEType='
+@OPD_REF_ATTR_MimeType
+'>
+@OPD_REF_ATTR_Name
</Ruta>
  <Operation>INSERT</Operation>
  <CheckSubscription>0</CheckSubscription>
  <Cliente>Aplicacion</Cliente>
  <Metadatos>
    <Item name='GN_ID' type='string'>
+OPD_REF_ATTR_PDId
+</Item>
    <Item name='GN_TITLE' type='string'>
+OPD_REF_ATTR_Title
+</Item>
    <Item name='GN_DATE' type='date'>
+OPD_REF_ATTR_DocDate
+</Item>
@OPD_ATTRLOOP_S?- ACL,DocDate,DocType,LockedBy,MimeType,Name,ParentId,PDAutor,PDDate,PDId,PurgeDate,Reposit,Status,Title,Version 
    <Item name='
+@OPD_NAME_ATTR_*
+' type='String'>
+OPD_REF_ATTR_*
+</Item>
@OPD_ATTRLOOP_E  
  </Metadatos>
  <Anexo>1/1</Anexo>
</root>
@OPD_DOCSLOOP_E
