{
	"info": {
		"_postman_id": "d68cdcd2-f97d-488f-af06-0756560587f1",
		"name": "OPD API REST",
		"description": "API REST for OpenProdoc",
		"schema": "https://schema.getpostman.com/json/collection/v2.1.0/collection.json"
	},
	"item": [
		{
			"name": "Login",
			"item": [
				{
					"name": "Login",
					"event": [
						{
							"listen": "test",
							"script": {
								"id": "26d1f812-6e8e-4b3e-9d1e-22b4bf0a06ae",
								"exec": [
									"pm.test(\"Status code is 200\", function () {",
									"    pm.response.to.have.status(200);",
									"});",
									"pm.test(\"Token returned\", function () {",
									"    pm.expect(pm.response.text()).to.include(\"Token\");",
									"});"
								],
								"type": "text/javascript"
							}
						}
					],
					"request": {
						"method": "PUT",
						"header": [
							{
								"key": "Content-Type",
								"name": "Content-Type",
								"value": "application/json",
								"type": "text"
							},
							{
								"key": "Accept",
								"value": "application/json",
								"type": "text"
							}
						],
						"body": {
							"mode": "raw",
							"raw": "{\n    \"Name\": \"root\",\n    \"Password\": \"root\"\n}",
							"options": {
								"raw": {
									"language": "json"
								}
							}
						},
						"url": {
							"raw": "http://localhost:8080/ProdocWeb2/APIRest/session",
							"protocol": "http",
							"host": [
								"localhost"
							],
							"port": "8080",
							"path": [
								"ProdocWeb2",
								"APIRest",
								"session"
							]
						},
						"description": "Creates a new session and returns a jwt token for next calls to any method, including reconection in other node."
					},
					"response": [
						{
							"name": "Login OK",
							"originalRequest": {
								"method": "PUT",
								"header": [
									{
										"key": "Content-Type",
										"name": "Content-Type",
										"value": "application/json",
										"type": "text"
									},
									{
										"key": "Accept",
										"value": "application/json",
										"type": "text"
									}
								],
								"body": {
									"mode": "raw",
									"raw": "{\n    \"Name\": \"root\",\n    \"Password\": \"root\"\n}"
								},
								"url": {
									"raw": "http://localhost:8080/OPDAPIRest/APIRest/session",
									"protocol": "http",
									"host": [
										"localhost"
									],
									"port": "8080",
									"path": [
										"OPDAPIRest",
										"APIRest",
										"session"
									]
								}
							},
							"status": "OK",
							"code": 200,
							"_postman_previewlanguage": "json",
							"header": [
								{
									"key": "Server",
									"value": "GlassFish Server Open Source Edition  4.1.1 "
								},
								{
									"key": "X-Powered-By",
									"value": "Servlet/3.1 JSP/2.3 (GlassFish Server Open Source Edition  4.1.1  Java/Oracle Corporation/1.8)"
								},
								{
									"key": "Set-Cookie",
									"value": "JSESSIONID=ea3e84046ce5c9889bc559f4d24b; Path=/OPDAPIRest; HttpOnly"
								},
								{
									"key": "Content-Type",
									"value": "application/json"
								},
								{
									"key": "Date",
									"value": "Thu, 29 Aug 2019 18:29:40 GMT"
								},
								{
									"key": "Content-Length",
									"value": "221"
								}
							],
							"cookie": [],
							"body": "{\n    \"Res\": \"OK\",\n    \"Token\": \"eyJhbGciOiJIUzUxMiJ9.eyJzdWIiOiJyb290IiwiaWF0IjoxNTY3MTAzMzc5LCJleHAiOjE1NjcxODk3NzksImlzcyI6Ik9wZW5Qcm9kb2MifQ.kTvzVwZ8Dx63005o2vGxl0zSsOK18GXR-bCnK3iV-YcLJpylR7kxVm3GNsmdg0PtTXRNbuA9rMF5bUlTaoX9Dw\"\n}"
						},
						{
							"name": "Login KO",
							"originalRequest": {
								"method": "PUT",
								"header": [
									{
										"key": "Content-Type",
										"name": "Content-Type",
										"value": "application/json",
										"type": "text"
									},
									{
										"key": "Accept",
										"value": "application/json",
										"type": "text"
									}
								],
								"body": {
									"mode": "raw",
									"raw": "{\n    \"Name\": \"root\",\n    \"Password\": \"\"\n}"
								},
								"url": {
									"raw": "http://localhost:8080/OPDAPIRest/APIRest/session",
									"protocol": "http",
									"host": [
										"localhost"
									],
									"port": "8080",
									"path": [
										"OPDAPIRest",
										"APIRest",
										"session"
									]
								}
							},
							"status": "Unauthorized",
							"code": 401,
							"_postman_previewlanguage": "json",
							"header": [
								{
									"key": "Server",
									"value": "GlassFish Server Open Source Edition  4.1.1 "
								},
								{
									"key": "X-Powered-By",
									"value": "Servlet/3.1 JSP/2.3 (GlassFish Server Open Source Edition  4.1.1  Java/Oracle Corporation/1.8)"
								},
								{
									"key": "Content-Type",
									"value": "application/json"
								},
								{
									"key": "Date",
									"value": "Thu, 29 Aug 2019 18:30:11 GMT"
								},
								{
									"key": "Content-Length",
									"value": "33"
								}
							],
							"cookie": [],
							"body": "{\n    \"Res\": \"KO\",\n    \"Msg\": \"Unauthorized\"\n}"
						}
					]
				},
				{
					"name": "Disconnect",
					"event": [
						{
							"listen": "test",
							"script": {
								"id": "1737e574-1d96-46f2-b436-b94eb2d3b6ad",
								"exec": [
									"pm.test(\"Status code is 200\", function () {",
									"    pm.response.to.have.status(200);",
									"});",
									"pm.test(\"Closed\", function () {",
									"    pm.expect(pm.response.text()).to.include(\"Closed\");",
									"});",
									""
								],
								"type": "text/javascript"
							}
						}
					],
					"request": {
						"auth": {
							"type": "bearer",
							"bearer": [
								{
									"key": "token",
									"value": "eyJhbGciOiJIUzUxMiJ9.eyJzdWIiOiJyb290IiwiaWF0IjoxNTczMTY0MzY2LCJleHAiOjE1NzMyNTA3NjYsImlzcyI6Ik9wZW5Qcm9kb2MifQ.MiJU4D3kNeVacSNVsqLWKOnlRiCcSuDYd8YtNoO2RgJfnXU3aCv_YOniVtF8NrS-lDdwoP5jVqngoed9OzZ8bQ",
									"type": "string"
								}
							]
						},
						"method": "DELETE",
						"header": [
							{
								"description": "Confirmation of closed session",
								"key": "Accept",
								"name": "Content-Type",
								"type": "text",
								"value": "application/json"
							},
							{
								"warning": "This is a duplicate header and will be overridden by the Authorization header generated by Postman.",
								"key": "Authorization",
								"value": "Bearer eyJhbGciOiJIUzUxMiJ9.eyJzdWIiOiJBb",
								"description": "Token received in initial Login call",
								"type": "text"
							}
						],
						"url": {
							"raw": "http://localhost:8080/ProdocWeb2/APIRest/session",
							"protocol": "http",
							"host": [
								"localhost"
							],
							"port": "8080",
							"path": [
								"ProdocWeb2",
								"APIRest",
								"session"
							]
						}
					},
					"response": [
						{
							"name": "Disconnect OK",
							"originalRequest": {
								"method": "DELETE",
								"header": [
									{
										"key": "Content-Type",
										"name": "Content-Type",
										"type": "text",
										"value": "application/json"
									}
								],
								"url": {
									"raw": "http://localhost:8080/OPDAPIRest/APIRest/session",
									"protocol": "http",
									"host": [
										"localhost"
									],
									"port": "8080",
									"path": [
										"OPDAPIRest",
										"APIRest",
										"session"
									]
								}
							},
							"status": "OK",
							"code": 200,
							"_postman_previewlanguage": "json",
							"header": [
								{
									"key": "Server",
									"value": "GlassFish Server Open Source Edition  4.1.1 "
								},
								{
									"key": "X-Powered-By",
									"value": "Servlet/3.1 JSP/2.3 (GlassFish Server Open Source Edition  4.1.1  Java/Oracle Corporation/1.8)"
								},
								{
									"key": "Content-Type",
									"value": "application/json"
								},
								{
									"key": "Date",
									"value": "Thu, 29 Aug 2019 18:31:01 GMT"
								},
								{
									"key": "Content-Length",
									"value": "27"
								}
							],
							"cookie": [],
							"body": "{\n    \"Res\": \"OK\",\n    \"Msg\": \"Closed\"\n}"
						}
					]
				}
			],
			"description": "Set of methods related to the connection and desconnection of sessions and creation of token jwt",
			"auth": {
				"type": "bearer",
				"bearer": [
					{
						"key": "token",
						"value": "eyJhbGciOiJIUzUxMiJ9.eyJzdWIiOiJBbmEiLCJpYXQiOjE1NjcyNTc0OTQsImV4cCI6MTU2NzM0Mzg5NCwiaXNzIjoiT3BlblByb2RvYyJ9.ExvpBPVCIQKPcgSj6IUs6yqNzFTPn3eBBVGokjbmWPSqL3FGpnRfvRcf4ltbOegBxJ7B81tAaOO3cGQdFT44Ww",
						"type": "string"
					}
				]
			},
			"event": [
				{
					"listen": "prerequest",
					"script": {
						"id": "e2404c27-a2ed-434e-9bfd-836213826071",
						"type": "text/javascript",
						"exec": [
							""
						]
					}
				},
				{
					"listen": "test",
					"script": {
						"id": "26bf47c8-1ca6-4fd1-b7df-42919c80ff7c",
						"type": "text/javascript",
						"exec": [
							""
						]
					}
				}
			]
		},
		{
			"name": "Folders",
			"item": [
				{
					"name": "Insert Folder",
					"event": [
						{
							"listen": "test",
							"script": {
								"id": "77a025db-ddb8-4af4-81b7-6362f3bb028c",
								"exec": [
									"pm.test(\"Status code is 200\", function () {",
									"    pm.response.to.have.status(200);",
									"});",
									"pm.test(\"Creado\", function () {",
									"    pm.expect(pm.response.text()).to.include(\"Creado\");",
									"});"
								],
								"type": "text/javascript"
							}
						}
					],
					"request": {
						"method": "POST",
						"header": [
							{
								"key": "Content-Type",
								"value": "application/json",
								"type": "text"
							},
							{
								"key": "Accept",
								"value": "application/json",
								"type": "text"
							},
							{
								"key": "Authorization",
								"value": "Bearer eyJhbGciOiJIUzUxMiJ9.eyJzdWIiOiJBb",
								"description": "Token received in initial Login call",
								"type": "text"
							}
						],
						"body": {
							"mode": "raw",
							"raw": "{\n    \"Id\": \"\",\n    \"Name\": \"Carpeta6k\",\n    \"ACL\": \"Public\",\n    \"Idparent\": \"16ac20d9415-3fedb58bdb94afd4\",\n    \"PathParent\":\"\",\n    \"Type\": \"Course\",\n    \"ListAttr\":[\n    \t{\"Name\":\"Classroom\",\"Type\":\"String\",\"Values\":[\"Aula 1\"]},\n    \t{\"Name\":\"StartDate\",\"Type\":\"Date\",\"Values\":[\"1980-11-12\"]},\n    \t        {\n            \"Name\": \"EndDate\",\n            \"Type\": \"Date\",\n            \"Values\": [\n                \"2981-11-12\"\n            ]\n        },\n        {\n            \"Name\": \"Subject\",\n            \"Type\": \"String\",\n            \"Values\": [\n                \"Maths\"\n            ]\n        },\n        {\n            \"Name\": \"Teacher\",\n            \"Type\": \"String\",\n            \"Values\": [\n                \"Ana María\"\n            ]\n        }\n    \t\n    ]\n}"
						},
						"url": {
							"raw": "http://localhost:8080/OPDAPIRest/APIRest/folders",
							"protocol": "http",
							"host": [
								"localhost"
							],
							"port": "8080",
							"path": [
								"OPDAPIRest",
								"APIRest",
								"folders"
							]
						},
						"description": "Inserts a folder described by json body"
					},
					"response": [
						{
							"name": "Insert Folder KO",
							"originalRequest": {
								"method": "POST",
								"header": [
									{
										"key": "Content-Type",
										"value": "application/json",
										"type": "text"
									},
									{
										"key": "OPDCred",
										"value": "root|root",
										"type": "text"
									},
									{
										"key": "Accept",
										"value": "application/json",
										"type": "text"
									}
								],
								"body": {
									"mode": "raw",
									"raw": "{\n    \"Id\": \"\",\n    \"Name\": \"Carpeta6k\",\n    \"ACL\": \"Public\",\n    \"Idparent\": \"16ac20d9415-3fedb58bdb94afd4\",\n    \"PathParent\":\"\",\n    \"Type\": \"Course\",\n    \"ListAttr\":[\n    \t{\"Name\":\"Classroom\",\"Type\":\"String\",\"Values\":[\"Aula 1\"]},\n    \t{\"Name\":\"StartDate\",\"Type\":\"Date\",\"Values\":[\"1980-11-12\"]},\n    \t        {\n            \"Name\": \"EndDate\",\n            \"Type\": \"Date\",\n            \"Values\": [\n                \"2981-11-12\"\n            ]\n        },\n        {\n            \"Name\": \"Subject\",\n            \"Type\": \"String\",\n            \"Values\": [\n                \"Maths\"\n            ]\n        },\n        {\n            \"Name\": \"Teacher\",\n            \"Type\": \"String\",\n            \"Values\": [\n                \"Ana María\"\n            ]\n        }\n    \t\n    ]\n}"
								},
								"url": {
									"raw": "http://localhost:8080/OPDAPIRest/APIRest/folders",
									"protocol": "http",
									"host": [
										"localhost"
									],
									"port": "8080",
									"path": [
										"OPDAPIRest",
										"APIRest",
										"folders"
									]
								}
							},
							"status": "Not Acceptable",
							"code": 406,
							"_postman_previewlanguage": "json",
							"header": [
								{
									"key": "Server",
									"value": "GlassFish Server Open Source Edition  4.1.1 "
								},
								{
									"key": "X-Powered-By",
									"value": "Servlet/3.1 JSP/2.3 (GlassFish Server Open Source Edition  4.1.1  Java/Oracle Corporation/1.8)"
								},
								{
									"key": "Content-Type",
									"value": "application/json"
								},
								{
									"key": "Date",
									"value": "Thu, 29 Aug 2019 18:53:15 GMT"
								},
								{
									"key": "Content-Length",
									"value": "272"
								}
							],
							"cookie": [],
							"body": "{\n    \"Res\": \"KO\",\n    \"Msg\": \"Error_creating_folder:Error_executing_SQL:Se ha abortado la sentencia porque habría causado un valor de clave duplicado en una restricción de clave única o primaria o en un índice único identificado por 'PD_FOLDERS_UNIQ' definido en 'PD_FOLDERS'.\"\n}"
						},
						{
							"name": "Insert Folder",
							"originalRequest": {
								"method": "POST",
								"header": [
									{
										"key": "Content-Type",
										"value": "application/json",
										"type": "text"
									},
									{
										"key": "OPDCred",
										"value": "root|root",
										"type": "text"
									},
									{
										"key": "Accept",
										"value": "application/json",
										"type": "text"
									}
								],
								"body": {
									"mode": "raw",
									"raw": "{\n    \"Id\": \"\",\n    \"Name\": \"Carpeta6k\",\n    \"ACL\": \"Public\",\n    \"Idparent\": \"16ac20d9415-3fedb58bdb94afd4\",\n    \"PathParent\":\"\",\n    \"Type\": \"Course\",\n    \"ListAttr\":[\n    \t{\"Name\":\"Classroom\",\"Type\":\"String\",\"Values\":[\"Aula 1\"]},\n    \t{\"Name\":\"StartDate\",\"Type\":\"Date\",\"Values\":[\"1980-11-12\"]},\n    \t        {\n            \"Name\": \"EndDate\",\n            \"Type\": \"Date\",\n            \"Values\": [\n                \"2981-11-12\"\n            ]\n        },\n        {\n            \"Name\": \"Subject\",\n            \"Type\": \"String\",\n            \"Values\": [\n                \"Maths\"\n            ]\n        },\n        {\n            \"Name\": \"Teacher\",\n            \"Type\": \"String\",\n            \"Values\": [\n                \"Ana María\"\n            ]\n        }\n    \t\n    ]\n}"
								},
								"url": {
									"raw": "http://localhost:8080/OPDAPIRest/APIRest/folders",
									"protocol": "http",
									"host": [
										"localhost"
									],
									"port": "8080",
									"path": [
										"OPDAPIRest",
										"APIRest",
										"folders"
									]
								}
							},
							"status": "OK",
							"code": 200,
							"_postman_previewlanguage": "json",
							"header": [
								{
									"key": "Server",
									"value": "GlassFish Server Open Source Edition  4.1.1 "
								},
								{
									"key": "X-Powered-By",
									"value": "Servlet/3.1 JSP/2.3 (GlassFish Server Open Source Edition  4.1.1  Java/Oracle Corporation/1.8)"
								},
								{
									"key": "Content-Type",
									"value": "application/json"
								},
								{
									"key": "Date",
									"value": "Thu, 29 Aug 2019 18:52:56 GMT"
								},
								{
									"key": "Content-Length",
									"value": "56"
								}
							],
							"cookie": [],
							"body": "{\n    \"Res\": \"OK\",\n    \"Msg\": \"Creado=16cdeb939d9-3fc5285f4ed8aef0\"\n}"
						}
					]
				},
				{
					"name": "Update Folder ById",
					"event": [
						{
							"listen": "test",
							"script": {
								"id": "d8b24621-3fbe-4d3c-8f0f-e105fed4968c",
								"exec": [
									"pm.test(\"Status code is 200\", function () {",
									"    pm.response.to.have.status(200);",
									"});",
									"pm.test(\"Updated\", function () {",
									"    pm.expect(pm.response.text()).to.include(\"Updated\");",
									"});"
								],
								"type": "text/javascript"
							}
						}
					],
					"request": {
						"method": "PUT",
						"header": [
							{
								"key": "Content-Type",
								"value": "application/json",
								"type": "text"
							},
							{
								"key": "Accept",
								"value": "application/json",
								"type": "text"
							}
						],
						"body": {
							"mode": "raw",
							"raw": "{\n    \"Name\": \"Carpeta6A\",\n    \"ACL\": \"Public\",\n    \"ListAttr\":[\n    \t{\"Name\":\"Classroom\",\"Type\":\"String\",\"Values\":[\"Aula 1A\"]},\n    \t{\"Name\":\"StartDate\",\"Type\":\"Date\",\"Values\":[\"1981-11-12\"]}\n    \t\n    ]\n}"
						},
						"url": {
							"raw": "http://localhost:8080/OPDAPIRest/APIRest/folders/ById/16cdecd4f0f-3fe5e0dbbe1ff838",
							"protocol": "http",
							"host": [
								"localhost"
							],
							"port": "8080",
							"path": [
								"OPDAPIRest",
								"APIRest",
								"folders",
								"ById",
								"16cdecd4f0f-3fe5e0dbbe1ff838"
							]
						},
						"description": "Updates a folder described by json body and referenced by url Id"
					},
					"response": [
						{
							"name": "Update Folder ById",
							"originalRequest": {
								"method": "PUT",
								"header": [
									{
										"key": "Content-Type",
										"value": "application/json",
										"type": "text"
									},
									{
										"key": "OPDCred",
										"value": "root|root",
										"type": "text"
									},
									{
										"key": "Accept",
										"value": "application/json",
										"type": "text"
									}
								],
								"body": {
									"mode": "raw",
									"raw": "{\n    \"Name\": \"Carpeta6A\",\n    \"ACL\": \"Public\",\n    \"ListAttr\":[\n    \t{\"Name\":\"Classroom\",\"Type\":\"String\",\"Values\":[\"Aula 1A\"]},\n    \t{\"Name\":\"StartDate\",\"Type\":\"Date\",\"Values\":[\"1981-11-12\"]}\n    \t\n    ]\n}"
								},
								"url": {
									"raw": "http://localhost:8080/OPDAPIRest/APIRest/folders/ById/16cdecd4f0f-3fe5e0dbbe1ff838",
									"protocol": "http",
									"host": [
										"localhost"
									],
									"port": "8080",
									"path": [
										"OPDAPIRest",
										"APIRest",
										"folders",
										"ById",
										"16cdecd4f0f-3fe5e0dbbe1ff838"
									]
								}
							},
							"status": "OK",
							"code": 200,
							"_postman_previewlanguage": "json",
							"header": [
								{
									"key": "Server",
									"value": "GlassFish Server Open Source Edition  4.1.1 "
								},
								{
									"key": "X-Powered-By",
									"value": "Servlet/3.1 JSP/2.3 (GlassFish Server Open Source Edition  4.1.1  Java/Oracle Corporation/1.8)"
								},
								{
									"key": "Content-Type",
									"value": "application/json"
								},
								{
									"key": "Date",
									"value": "Thu, 29 Aug 2019 19:15:10 GMT"
								},
								{
									"key": "Content-Length",
									"value": "57"
								}
							],
							"cookie": [],
							"body": "{\n    \"Res\": \"OK\",\n    \"Msg\": \"Updated=16cdecd4f0f-3fe5e0dbbe1ff838\"\n}"
						}
					]
				},
				{
					"name": "Update Folder ByPath",
					"event": [
						{
							"listen": "test",
							"script": {
								"id": "0a96de15-db19-4563-a75f-830fbdad2646",
								"exec": [
									"pm.test(\"Status code is 200\", function () {",
									"    pm.response.to.have.status(200);",
									"});",
									"pm.test(\"Updated\", function () {",
									"    pm.expect(pm.response.text()).to.include(\"Updated\");",
									"});"
								],
								"type": "text/javascript"
							}
						}
					],
					"request": {
						"method": "PUT",
						"header": [
							{
								"key": "Content-Type",
								"value": "application/json",
								"type": "text"
							},
							{
								"key": "Accept",
								"value": "application/json",
								"type": "text"
							}
						],
						"body": {
							"mode": "raw",
							"raw": "{\n    \"Name\": \"Carpeta6ka\",\n    \"ACL\": \"Public\",\n    \"ListAttr\":[\n    \t{\"Name\":\"Classroom\",\"Type\":\"String\",\"Values\":[\"Aula 1Ak\"]},\n    \t{\"Name\":\"StartDate\",\"Type\":\"Date\",\"Values\":[\"1983-11-12\"]}\n    \t\n    ]\n}"
						},
						"url": {
							"raw": "http://localhost:8080/OPDAPIRest/APIRest/folders/ByPath/REST/Carpeta6A/",
							"protocol": "http",
							"host": [
								"localhost"
							],
							"port": "8080",
							"path": [
								"OPDAPIRest",
								"APIRest",
								"folders",
								"ByPath",
								"REST",
								"Carpeta6A",
								""
							]
						},
						"description": "Updates a folder described by json body and referenced by url Path"
					},
					"response": []
				},
				{
					"name": "getById",
					"event": [
						{
							"listen": "test",
							"script": {
								"id": "02eba7ae-7b4f-405c-9a15-dd864cf311ab",
								"exec": [
									"pm.test(\"Status code is 200\", function () {",
									"    pm.response.to.have.status(200);",
									"});"
								],
								"type": "text/javascript"
							}
						}
					],
					"request": {
						"method": "GET",
						"header": [
							{
								"key": "Accept",
								"value": "application/json",
								"type": "text"
							}
						],
						"url": {
							"raw": "http://localhost:8080/ProdocWeb2/APIRest/folders/ById/16c67bfa255-3fd12d77d2d8d6f2",
							"protocol": "http",
							"host": [
								"localhost"
							],
							"port": "8080",
							"path": [
								"ProdocWeb2",
								"APIRest",
								"folders",
								"ById",
								"16c67bfa255-3fd12d77d2d8d6f2"
							]
						},
						"description": "returns metadata of a folder identified by Id"
					},
					"response": []
				},
				{
					"name": "getByPath",
					"event": [
						{
							"listen": "test",
							"script": {
								"id": "3e17a713-2afc-43ff-85ad-954f1b404161",
								"exec": [
									"pm.test(\"Status code is 200\", function () {",
									"    pm.response.to.have.status(200);",
									"});"
								],
								"type": "text/javascript"
							}
						}
					],
					"request": {
						"auth": {
							"type": "bearer",
							"bearer": [
								{
									"key": "token",
									"value": "eyJhbGciOiJIUzUxMiJ9.eyJzdWIiOiJyb290IiwiaWF0IjoxNTY3Mjc0MTQwLCJleHAiOjE1NjczNjA1NDAsImlzcyI6Ik9wZW5Qcm9kb2MifQ.sYQyDvgF7l0JoayS5WsKDGWPHaqKldMlXLfwPNi4XFBbhLLFHlagZijKfGpDpsez0sKCqziDyVoC87V7Vflc6g",
									"type": "string"
								}
							]
						},
						"method": "GET",
						"header": [
							{
								"key": "Accept",
								"value": "application/json",
								"type": "text"
							}
						],
						"url": {
							"raw": "http://localhost:8080/OPDAPIRest/APIRest/folders/ByPath/REST/Carpeta6g/",
							"protocol": "http",
							"host": [
								"localhost"
							],
							"port": "8080",
							"path": [
								"OPDAPIRest",
								"APIRest",
								"folders",
								"ByPath",
								"REST",
								"Carpeta6g",
								""
							]
						},
						"description": "returns metadata of a folder identified by Path"
					},
					"response": []
				},
				{
					"name": "DeleteById",
					"event": [
						{
							"listen": "test",
							"script": {
								"id": "3c8c431a-e10a-47d8-8c13-8214293321fc",
								"exec": [
									"pm.test(\"Status code is 200\", function () {",
									"    pm.response.to.have.status(200);",
									"});",
									"pm.test(\"Deleted\", function () {",
									"    pm.expect(pm.response.text()).to.include(\"Deleted\");",
									"});"
								],
								"type": "text/javascript"
							}
						}
					],
					"request": {
						"method": "DELETE",
						"header": [
							{
								"key": "Accept",
								"type": "text",
								"value": "application/json"
							}
						],
						"url": {
							"raw": "http://localhost:8080/OPDAPIRest/APIRest/folders/ById/16cdeb939d9-3fc5285f4ed8aef0",
							"protocol": "http",
							"host": [
								"localhost"
							],
							"port": "8080",
							"path": [
								"OPDAPIRest",
								"APIRest",
								"folders",
								"ById",
								"16cdeb939d9-3fc5285f4ed8aef0"
							]
						},
						"description": "Deletes a folder identified by Id"
					},
					"response": [
						{
							"name": "DeleteById OK",
							"originalRequest": {
								"method": "DELETE",
								"header": [
									{
										"key": "Content-Type",
										"type": "text",
										"value": "application/json"
									},
									{
										"key": "OPDCred",
										"type": "text",
										"value": "root|root"
									},
									{
										"key": "Accept",
										"type": "text",
										"value": "application/json"
									}
								],
								"url": {
									"raw": "http://localhost:8080/OPDAPIRest/APIRest/folders/ById/16cdeb939d9-3fc5285f4ed8aef0",
									"protocol": "http",
									"host": [
										"localhost"
									],
									"port": "8080",
									"path": [
										"OPDAPIRest",
										"APIRest",
										"folders",
										"ById",
										"16cdeb939d9-3fc5285f4ed8aef0"
									]
								}
							},
							"status": "OK",
							"code": 200,
							"_postman_previewlanguage": "json",
							"header": [
								{
									"key": "Server",
									"value": "GlassFish Server Open Source Edition  4.1.1 "
								},
								{
									"key": "X-Powered-By",
									"value": "Servlet/3.1 JSP/2.3 (GlassFish Server Open Source Edition  4.1.1  Java/Oracle Corporation/1.8)"
								},
								{
									"key": "Content-Type",
									"value": "application/json"
								},
								{
									"key": "Date",
									"value": "Thu, 29 Aug 2019 19:02:27 GMT"
								},
								{
									"key": "Content-Length",
									"value": "57"
								}
							],
							"cookie": [],
							"body": "{\n    \"Res\": \"OK\",\n    \"Msg\": \"Deleted=16cdeb939d9-3fc5285f4ed8aef0\"\n}"
						},
						{
							"name": "DeleteById KO (when no permissions or non existent",
							"originalRequest": {
								"method": "DELETE",
								"header": [
									{
										"key": "Content-Type",
										"type": "text",
										"value": "application/json"
									},
									{
										"key": "OPDCred",
										"type": "text",
										"value": "root|root"
									},
									{
										"key": "Accept",
										"type": "text",
										"value": "application/json"
									}
								],
								"url": {
									"raw": "http://localhost:8080/OPDAPIRest/APIRest/folders/ById/16cdeb939d9-3fc5285f4ed8aef0",
									"protocol": "http",
									"host": [
										"localhost"
									],
									"port": "8080",
									"path": [
										"OPDAPIRest",
										"APIRest",
										"folders",
										"ById",
										"16cdeb939d9-3fc5285f4ed8aef0"
									]
								}
							},
							"status": "Not Acceptable",
							"code": 406,
							"_postman_previewlanguage": "json",
							"header": [
								{
									"key": "Server",
									"value": "GlassFish Server Open Source Edition  4.1.1 "
								},
								{
									"key": "X-Powered-By",
									"value": "Servlet/3.1 JSP/2.3 (GlassFish Server Open Source Edition  4.1.1  Java/Oracle Corporation/1.8)"
								},
								{
									"key": "Content-Type",
									"value": "application/json"
								},
								{
									"key": "Date",
									"value": "Thu, 29 Aug 2019 19:02:39 GMT"
								},
								{
									"key": "Content-Length",
									"value": "57"
								}
							],
							"cookie": [],
							"body": "{\n    \"Res\": \"KO\",\n    \"Msg\": \"User_without_permissions_over_folder\"\n}"
						}
					]
				},
				{
					"name": "DeleteByPath",
					"event": [
						{
							"listen": "test",
							"script": {
								"id": "5b3753e1-3367-4768-8eb6-0303fd6441a6",
								"exec": [
									"pm.test(\"Status code is 200\", function () {",
									"    pm.response.to.have.status(200);",
									"});",
									"pm.test(\"Deleted\", function () {",
									"    pm.expect(pm.response.text()).to.include(\"Deleted\");",
									"});"
								],
								"type": "text/javascript"
							}
						}
					],
					"request": {
						"method": "DELETE",
						"header": [
							{
								"key": "Accept",
								"type": "text",
								"value": "application/json"
							}
						],
						"url": {
							"raw": "http://localhost:8080/OPDAPIRest/APIRest/folders/ByPath/REST/Carpeta6A/",
							"protocol": "http",
							"host": [
								"localhost"
							],
							"port": "8080",
							"path": [
								"OPDAPIRest",
								"APIRest",
								"folders",
								"ByPath",
								"REST",
								"Carpeta6A",
								""
							]
						},
						"description": "Deletes a folder identified by Path"
					},
					"response": []
				},
				{
					"name": "getSubFoldersById",
					"event": [
						{
							"listen": "test",
							"script": {
								"id": "07b004ca-a096-4819-9fcf-d960b6e5d008",
								"exec": [
									"pm.test(\"Status code is 200\", function () {",
									"    pm.response.to.have.status(200);",
									"});"
								],
								"type": "text/javascript"
							}
						}
					],
					"request": {
						"method": "GET",
						"header": [
							{
								"key": "Accept",
								"type": "text",
								"value": "application/json"
							}
						],
						"url": {
							"raw": "http://localhost:8080/OPDAPIRest/APIRest/folders/SubFoldersById/16ae0e25d4a-3feae9245e52e17a?Initial=1&Final=5",
							"protocol": "http",
							"host": [
								"localhost"
							],
							"port": "8080",
							"path": [
								"OPDAPIRest",
								"APIRest",
								"folders",
								"SubFoldersById",
								"16ae0e25d4a-3feae9245e52e17a"
							],
							"query": [
								{
									"key": "Initial",
									"value": "1",
									"description": "FirstElement of the list to be returned (Included)"
								},
								{
									"key": "Final",
									"value": "5",
									"description": "Last Element to be returned (Excluded)"
								}
							]
						},
						"description": "returns list of subfolders of a folder identified by Id"
					},
					"response": [
						{
							"name": "getSubFoldersById OK",
							"originalRequest": {
								"method": "GET",
								"header": [
									{
										"key": "Content-Type",
										"type": "text",
										"value": "application/json"
									},
									{
										"key": "OPDCred",
										"type": "text",
										"value": "root|root"
									},
									{
										"key": "Accept",
										"type": "text",
										"value": "application/json"
									}
								],
								"url": {
									"raw": "http://localhost:8080/OPDAPIRest/APIRest/folders/SubFoldersById/16ae0e25d4a-3feae9245e52e17a?Initial=1&Final=5",
									"protocol": "http",
									"host": [
										"localhost"
									],
									"port": "8080",
									"path": [
										"OPDAPIRest",
										"APIRest",
										"folders",
										"SubFoldersById",
										"16ae0e25d4a-3feae9245e52e17a"
									],
									"query": [
										{
											"key": "Initial",
											"value": "1",
											"description": "FirstElement of the list to be returned (Included)"
										},
										{
											"key": "Final",
											"value": "5",
											"description": "Last Element to be returned (Excluded)"
										}
									]
								}
							},
							"status": "OK",
							"code": 200,
							"_postman_previewlanguage": "json",
							"header": [
								{
									"key": "Server",
									"value": "GlassFish Server Open Source Edition  4.1.1 "
								},
								{
									"key": "X-Powered-By",
									"value": "Servlet/3.1 JSP/2.3 (GlassFish Server Open Source Edition  4.1.1  Java/Oracle Corporation/1.8)"
								},
								{
									"key": "Content-Type",
									"value": "application/json"
								},
								{
									"key": "Date",
									"value": "Thu, 29 Aug 2019 18:40:54 GMT"
								},
								{
									"key": "Content-Length",
									"value": "390"
								}
							],
							"cookie": [],
							"body": "[\n    {\n        \"Id\": \"16c62b4fdf0-3fe9663c99e730f2\",\n        \"Name\": \"Dos Sub\",\n        \"ACL\": \"Public\",\n        \"Idparent\": \"16ae0e25d4a-3feae9245e52e17a\",\n        \"Type\": \"PD_FOLDERS\",\n        \"PDDate\": \"2019-08-05 18:55:24\",\n        \"PDAuthor\": \"root\",\n        \"ListAttr\": []\n    },\n    {\n        \"Id\": \"16c62b4e740-3fcb0feb843c01c8\",\n        \"Name\": \"Un Sub\",\n        \"ACL\": \"Public\",\n        \"Idparent\": \"16ae0e25d4a-3feae9245e52e17a\",\n        \"Type\": \"PD_FOLDERS\",\n        \"PDDate\": \"2019-08-05 18:55:18\",\n        \"PDAuthor\": \"root\",\n        \"ListAttr\": []\n    }\n]"
						}
					]
				},
				{
					"name": "getSubFoldersByPath",
					"event": [
						{
							"listen": "test",
							"script": {
								"id": "acc53483-2a2a-4387-b73b-fc5737a6a0c9",
								"exec": [
									"pm.test(\"Status code is 200\", function () {",
									"    pm.response.to.have.status(200);",
									"});"
								],
								"type": "text/javascript"
							}
						}
					],
					"request": {
						"auth": {
							"type": "bearer",
							"bearer": [
								{
									"key": "token",
									"value": "eyJhbGciOiJIUzUxMiJ9.eyJzdWIiOiJyb290IiwiaWF0IjoxNTc1MjI1MDgyLCJleHAiOjE1NzUzMTE0ODIsImlzcyI6Ik9wZW5Qcm9kb2MifQ.JpGNWgfB5rJCGDMbrLCHwXeJIVcO5td-SQ9yLThODjsqp7wqst-jPT7r07IJCW9BVLEPHCSYyghMilbbcQDqSg",
									"type": "string"
								}
							]
						},
						"method": "GET",
						"header": [
							{
								"key": "Accept",
								"type": "text",
								"value": "application/json"
							}
						],
						"url": {
							"raw": "http://localhost:8080/ProdocWeb2/APIRest/folders/SubFoldersByPath/Users?Initial=0&Final=200",
							"protocol": "http",
							"host": [
								"localhost"
							],
							"port": "8080",
							"path": [
								"ProdocWeb2",
								"APIRest",
								"folders",
								"SubFoldersByPath",
								"Users"
							],
							"query": [
								{
									"key": "Initial",
									"value": "0",
									"description": "FirstElement of the list to be returned (Included)"
								},
								{
									"key": "Final",
									"value": "200",
									"description": "Last Element to be returned (Excluded)"
								}
							]
						},
						"description": "returns list of subfolders of a folder identified by Path"
					},
					"response": [
						{
							"name": "getSubFoldersByPath",
							"originalRequest": {
								"method": "GET",
								"header": [
									{
										"key": "Content-Type",
										"type": "text",
										"value": "application/json"
									},
									{
										"key": "OPDCred",
										"type": "text",
										"value": "root|root"
									},
									{
										"key": "Accept",
										"type": "text",
										"value": "application/json"
									}
								],
								"url": {
									"raw": "http://localhost:8080/OPDAPIRest/APIRest/folders/SubFoldersByPath/REST?Initial=0&Final=200",
									"protocol": "http",
									"host": [
										"localhost"
									],
									"port": "8080",
									"path": [
										"OPDAPIRest",
										"APIRest",
										"folders",
										"SubFoldersByPath",
										"REST"
									],
									"query": [
										{
											"key": "Initial",
											"value": "0",
											"description": "FirstElement of the list to be returned (Included)"
										},
										{
											"key": "Final",
											"value": "200",
											"description": "Last Element to be returned (Excluded)"
										}
									]
								}
							},
							"status": "OK",
							"code": 200,
							"_postman_previewlanguage": "json",
							"header": [
								{
									"key": "Server",
									"value": "GlassFish Server Open Source Edition  4.1.1 "
								},
								{
									"key": "X-Powered-By",
									"value": "Servlet/3.1 JSP/2.3 (GlassFish Server Open Source Edition  4.1.1  Java/Oracle Corporation/1.8)"
								},
								{
									"key": "Content-Type",
									"value": "application/json"
								},
								{
									"key": "Date",
									"value": "Thu, 29 Aug 2019 18:41:35 GMT"
								},
								{
									"key": "Content-Length",
									"value": "2024"
								}
							],
							"cookie": [],
							"body": "[\n    {\n        \"Id\": \"16ac20eea64-3fe6669fb80e5d0d\",\n        \"Name\": \"Carpeta3\",\n        \"ACL\": \"Public\",\n        \"Idparent\": \"16ac20d9415-3fedb58bdb94afd4\",\n        \"Type\": \"Course\",\n        \"PDDate\": \"2019-05-16 21:11:58\",\n        \"PDAuthor\": \"root\",\n        \"ListAttr\": [\n            {\n                \"Name\": \"Classroom\",\n                \"Type\": \"String\",\n                \"Values\": [\n                    \"Aula 1\"\n                ]\n            },\n            {\n                \"Name\": \"EndDate\",\n                \"Type\": \"Date\",\n                \"Values\": [\n                    \"\"\n                ]\n            },\n            {\n                \"Name\": \"StartDate\",\n                \"Type\": \"Date\",\n                \"Values\": [\n                    \"\"\n                ]\n            },\n            {\n                \"Name\": \"Subject\",\n                \"Type\": \"String\",\n                \"Values\": [\n                    \"\"\n                ]\n            },\n            {\n                \"Name\": \"Teacher\",\n                \"Type\": \"String\",\n                \"Values\": [\n                    \"\"\n                ]\n            }\n        ]\n    },\n    {\n        \"Id\": \"16ac211e982-3fdffe0c170aa5a8\",\n        \"Name\": \"Carpeta5\",\n        \"ACL\": \"Public\",\n        \"Idparent\": \"16ac20d9415-3fedb58bdb94afd4\",\n        \"Type\": \"Course\",\n        \"PDDate\": \"2019-05-16 21:15:14\",\n        \"PDAuthor\": \"root\",\n        \"ListAttr\": [\n            {\n                \"Name\": \"Classroom\",\n                \"Type\": \"String\",\n                \"Values\": [\n                    \"Aula 1\"\n                ]\n            },\n            {\n                \"Name\": \"EndDate\",\n                \"Type\": \"Date\",\n                \"Values\": [\n                    \"\"\n                ]\n            },\n            {\n                \"Name\": \"StartDate\",\n                \"Type\": \"Date\",\n                \"Values\": [\n                    \"1980-11-12\"\n                ]\n            },\n            {\n                \"Name\": \"Subject\",\n                \"Type\": \"String\",\n                \"Values\": [\n                    \"\"\n                ]\n            },\n            {\n                \"Name\": \"Teacher\",\n                \"Type\": \"String\",\n                \"Values\": [\n                    \"\"\n                ]\n            }\n        ]\n    },\n    {\n        \"Id\": \"16c5890cd3b-3fe18aa409ef6a65\",\n        \"Name\": \"Carpeta6g\",\n        \"ACL\": \"Public\",\n        \"Idparent\": \"16ac20d9415-3fedb58bdb94afd4\",\n        \"Type\": \"Course\",\n        \"PDDate\": \"2019-08-03 19:39:40\",\n        \"PDAuthor\": \"root\",\n        \"ListAttr\": [\n            {\n                \"Name\": \"Classroom\",\n                \"Type\": \"String\",\n                \"Values\": [\n                    \"Aula 1\"\n                ]\n            },\n            {\n                \"Name\": \"EndDate\",\n                \"Type\": \"Date\",\n                \"Values\": [\n                    \"2981-11-12\"\n                ]\n            },\n            {\n                \"Name\": \"StartDate\",\n                \"Type\": \"Date\",\n                \"Values\": [\n                    \"1980-11-12\"\n                ]\n            },\n            {\n                \"Name\": \"Subject\",\n                \"Type\": \"String\",\n                \"Values\": [\n                    \"Maths\"\n                ]\n            },\n            {\n                \"Name\": \"Teacher\",\n                \"Type\": \"String\",\n                \"Values\": [\n                    \"Ana María\"\n                ]\n            }\n        ]\n    },\n    {\n        \"Id\": \"16ae0e25d4a-3feae9245e52e17a\",\n        \"Name\": \"Carpeta6ka\",\n        \"ACL\": \"Public\",\n        \"Idparent\": \"16ac20d9415-3fedb58bdb94afd4\",\n        \"Type\": \"Course\",\n        \"PDDate\": \"2019-08-12 20:26:50\",\n        \"PDAuthor\": \"root\",\n        \"ListAttr\": [\n            {\n                \"Name\": \"Classroom\",\n                \"Type\": \"String\",\n                \"Values\": [\n                    \"Aula 1Ak\"\n                ]\n            },\n            {\n                \"Name\": \"EndDate\",\n                \"Type\": \"Date\",\n                \"Values\": [\n                    \"\"\n                ]\n            },\n            {\n                \"Name\": \"StartDate\",\n                \"Type\": \"Date\",\n                \"Values\": [\n                    \"1983-11-12\"\n                ]\n            },\n            {\n                \"Name\": \"Subject\",\n                \"Type\": \"String\",\n                \"Values\": [\n                    \"\"\n                ]\n            },\n            {\n                \"Name\": \"Teacher\",\n                \"Type\": \"String\",\n                \"Values\": [\n                    \"\"\n                ]\n            }\n        ]\n    },\n    {\n        \"Id\": \"16c3e838da6-3fd7a6751fea68ae\",\n        \"Name\": \"SubRest\",\n        \"ACL\": \"Public\",\n        \"Idparent\": \"16ac20d9415-3fedb58bdb94afd4\",\n        \"Type\": \"PD_FOLDERS\",\n        \"PDDate\": \"2019-07-29 18:15:58\",\n        \"PDAuthor\": \"root\",\n        \"ListAttr\": []\n    }\n]"
						}
					]
				},
				{
					"name": "getContDocsById",
					"event": [
						{
							"listen": "test",
							"script": {
								"id": "07b004ca-a096-4819-9fcf-d960b6e5d008",
								"exec": [
									"pm.test(\"Status code is 200\", function () {",
									"    pm.response.to.have.status(200);",
									"});"
								],
								"type": "text/javascript"
							}
						}
					],
					"request": {
						"method": "GET",
						"header": [
							{
								"key": "Accept",
								"type": "text",
								"value": "application/json"
							}
						],
						"url": {
							"raw": "http://localhost:8080/OPDAPIRest/APIRest/folders/ContDocsById/14ab514f0a4-3fec4a2e5c6f5459?Initial=1&Final=5",
							"protocol": "http",
							"host": [
								"localhost"
							],
							"port": "8080",
							"path": [
								"OPDAPIRest",
								"APIRest",
								"folders",
								"ContDocsById",
								"14ab514f0a4-3fec4a2e5c6f5459"
							],
							"query": [
								{
									"key": "Initial",
									"value": "1",
									"description": "FirstElement of the list to be returned (Included)"
								},
								{
									"key": "Final",
									"value": "5",
									"description": "Last Element to be returned (Excluded)"
								}
							]
						},
						"description": "returns list of docs contained in a folder identified by Id"
					},
					"response": [
						{
							"name": "getSubFoldersById OK",
							"originalRequest": {
								"method": "GET",
								"header": [
									{
										"key": "Content-Type",
										"type": "text",
										"value": "application/json"
									},
									{
										"key": "OPDCred",
										"type": "text",
										"value": "root|root"
									},
									{
										"key": "Accept",
										"type": "text",
										"value": "application/json"
									}
								],
								"url": {
									"raw": "http://localhost:8080/OPDAPIRest/APIRest/folders/SubFoldersById/16ae0e25d4a-3feae9245e52e17a?Initial=1&Final=5",
									"protocol": "http",
									"host": [
										"localhost"
									],
									"port": "8080",
									"path": [
										"OPDAPIRest",
										"APIRest",
										"folders",
										"SubFoldersById",
										"16ae0e25d4a-3feae9245e52e17a"
									],
									"query": [
										{
											"key": "Initial",
											"value": "1",
											"description": "FirstElement of the list to be returned (Included)"
										},
										{
											"key": "Final",
											"value": "5",
											"description": "Last Element to be returned (Excluded)"
										}
									]
								}
							},
							"status": "OK",
							"code": 200,
							"_postman_previewlanguage": "json",
							"header": [
								{
									"key": "Server",
									"value": "GlassFish Server Open Source Edition  4.1.1 "
								},
								{
									"key": "X-Powered-By",
									"value": "Servlet/3.1 JSP/2.3 (GlassFish Server Open Source Edition  4.1.1  Java/Oracle Corporation/1.8)"
								},
								{
									"key": "Content-Type",
									"value": "application/json"
								},
								{
									"key": "Date",
									"value": "Thu, 29 Aug 2019 18:40:54 GMT"
								},
								{
									"key": "Content-Length",
									"value": "390"
								}
							],
							"cookie": [],
							"body": "[\n    {\n        \"Id\": \"16c62b4fdf0-3fe9663c99e730f2\",\n        \"Name\": \"Dos Sub\",\n        \"ACL\": \"Public\",\n        \"Idparent\": \"16ae0e25d4a-3feae9245e52e17a\",\n        \"Type\": \"PD_FOLDERS\",\n        \"PDDate\": \"2019-08-05 18:55:24\",\n        \"PDAuthor\": \"root\",\n        \"ListAttr\": []\n    },\n    {\n        \"Id\": \"16c62b4e740-3fcb0feb843c01c8\",\n        \"Name\": \"Un Sub\",\n        \"ACL\": \"Public\",\n        \"Idparent\": \"16ae0e25d4a-3feae9245e52e17a\",\n        \"Type\": \"PD_FOLDERS\",\n        \"PDDate\": \"2019-08-05 18:55:18\",\n        \"PDAuthor\": \"root\",\n        \"ListAttr\": []\n    }\n]"
						}
					]
				},
				{
					"name": "getContDocsByPath",
					"event": [
						{
							"listen": "test",
							"script": {
								"id": "acc53483-2a2a-4387-b73b-fc5737a6a0c9",
								"exec": [
									"pm.test(\"Status code is 200\", function () {",
									"    pm.response.to.have.status(200);",
									"});"
								],
								"type": "text/javascript"
							}
						}
					],
					"request": {
						"auth": {
							"type": "bearer",
							"bearer": [
								{
									"key": "token",
									"value": "eyJhbGciOiJIUzUxMiJ9.eyJzdWIiOiJyb290IiwiaWF0IjoxNTczMTY0MzY2LCJleHAiOjE1NzMyNTA3NjYsImlzcyI6Ik9wZW5Qcm9kb2MifQ.MiJU4D3kNeVacSNVsqLWKOnlRiCcSuDYd8YtNoO2RgJfnXU3aCv_YOniVtF8NrS-lDdwoP5jVqngoed9OzZ8bQ",
									"type": "string"
								}
							]
						},
						"method": "GET",
						"header": [
							{
								"key": "Accept",
								"type": "text",
								"value": "application/json"
							}
						],
						"url": {
							"raw": "http://localhost:8080/ProdocWeb2/APIRest/folders/ContDocsByPath/System?Initial=0&Final=200",
							"protocol": "http",
							"host": [
								"localhost"
							],
							"port": "8080",
							"path": [
								"ProdocWeb2",
								"APIRest",
								"folders",
								"ContDocsByPath",
								"System"
							],
							"query": [
								{
									"key": "Initial",
									"value": "0",
									"description": "FirstElement of the list to be returned (Included)"
								},
								{
									"key": "Final",
									"value": "200",
									"description": "Last Element to be returned (Excluded)"
								}
							]
						},
						"description": "returns list of docs contained in a folder identified by Path"
					},
					"response": [
						{
							"name": "getSubFoldersByPath",
							"originalRequest": {
								"method": "GET",
								"header": [
									{
										"key": "Content-Type",
										"type": "text",
										"value": "application/json"
									},
									{
										"key": "OPDCred",
										"type": "text",
										"value": "root|root"
									},
									{
										"key": "Accept",
										"type": "text",
										"value": "application/json"
									}
								],
								"url": {
									"raw": "http://localhost:8080/OPDAPIRest/APIRest/folders/SubFoldersByPath/REST?Initial=0&Final=200",
									"protocol": "http",
									"host": [
										"localhost"
									],
									"port": "8080",
									"path": [
										"OPDAPIRest",
										"APIRest",
										"folders",
										"SubFoldersByPath",
										"REST"
									],
									"query": [
										{
											"key": "Initial",
											"value": "0",
											"description": "FirstElement of the list to be returned (Included)"
										},
										{
											"key": "Final",
											"value": "200",
											"description": "Last Element to be returned (Excluded)"
										}
									]
								}
							},
							"status": "OK",
							"code": 200,
							"_postman_previewlanguage": "json",
							"header": [
								{
									"key": "Server",
									"value": "GlassFish Server Open Source Edition  4.1.1 "
								},
								{
									"key": "X-Powered-By",
									"value": "Servlet/3.1 JSP/2.3 (GlassFish Server Open Source Edition  4.1.1  Java/Oracle Corporation/1.8)"
								},
								{
									"key": "Content-Type",
									"value": "application/json"
								},
								{
									"key": "Date",
									"value": "Thu, 29 Aug 2019 18:41:35 GMT"
								},
								{
									"key": "Content-Length",
									"value": "2024"
								}
							],
							"cookie": [],
							"body": "[\n    {\n        \"Id\": \"16ac20eea64-3fe6669fb80e5d0d\",\n        \"Name\": \"Carpeta3\",\n        \"ACL\": \"Public\",\n        \"Idparent\": \"16ac20d9415-3fedb58bdb94afd4\",\n        \"Type\": \"Course\",\n        \"PDDate\": \"2019-05-16 21:11:58\",\n        \"PDAuthor\": \"root\",\n        \"ListAttr\": [\n            {\n                \"Name\": \"Classroom\",\n                \"Type\": \"String\",\n                \"Values\": [\n                    \"Aula 1\"\n                ]\n            },\n            {\n                \"Name\": \"EndDate\",\n                \"Type\": \"Date\",\n                \"Values\": [\n                    \"\"\n                ]\n            },\n            {\n                \"Name\": \"StartDate\",\n                \"Type\": \"Date\",\n                \"Values\": [\n                    \"\"\n                ]\n            },\n            {\n                \"Name\": \"Subject\",\n                \"Type\": \"String\",\n                \"Values\": [\n                    \"\"\n                ]\n            },\n            {\n                \"Name\": \"Teacher\",\n                \"Type\": \"String\",\n                \"Values\": [\n                    \"\"\n                ]\n            }\n        ]\n    },\n    {\n        \"Id\": \"16ac211e982-3fdffe0c170aa5a8\",\n        \"Name\": \"Carpeta5\",\n        \"ACL\": \"Public\",\n        \"Idparent\": \"16ac20d9415-3fedb58bdb94afd4\",\n        \"Type\": \"Course\",\n        \"PDDate\": \"2019-05-16 21:15:14\",\n        \"PDAuthor\": \"root\",\n        \"ListAttr\": [\n            {\n                \"Name\": \"Classroom\",\n                \"Type\": \"String\",\n                \"Values\": [\n                    \"Aula 1\"\n                ]\n            },\n            {\n                \"Name\": \"EndDate\",\n                \"Type\": \"Date\",\n                \"Values\": [\n                    \"\"\n                ]\n            },\n            {\n                \"Name\": \"StartDate\",\n                \"Type\": \"Date\",\n                \"Values\": [\n                    \"1980-11-12\"\n                ]\n            },\n            {\n                \"Name\": \"Subject\",\n                \"Type\": \"String\",\n                \"Values\": [\n                    \"\"\n                ]\n            },\n            {\n                \"Name\": \"Teacher\",\n                \"Type\": \"String\",\n                \"Values\": [\n                    \"\"\n                ]\n            }\n        ]\n    },\n    {\n        \"Id\": \"16c5890cd3b-3fe18aa409ef6a65\",\n        \"Name\": \"Carpeta6g\",\n        \"ACL\": \"Public\",\n        \"Idparent\": \"16ac20d9415-3fedb58bdb94afd4\",\n        \"Type\": \"Course\",\n        \"PDDate\": \"2019-08-03 19:39:40\",\n        \"PDAuthor\": \"root\",\n        \"ListAttr\": [\n            {\n                \"Name\": \"Classroom\",\n                \"Type\": \"String\",\n                \"Values\": [\n                    \"Aula 1\"\n                ]\n            },\n            {\n                \"Name\": \"EndDate\",\n                \"Type\": \"Date\",\n                \"Values\": [\n                    \"2981-11-12\"\n                ]\n            },\n            {\n                \"Name\": \"StartDate\",\n                \"Type\": \"Date\",\n                \"Values\": [\n                    \"1980-11-12\"\n                ]\n            },\n            {\n                \"Name\": \"Subject\",\n                \"Type\": \"String\",\n                \"Values\": [\n                    \"Maths\"\n                ]\n            },\n            {\n                \"Name\": \"Teacher\",\n                \"Type\": \"String\",\n                \"Values\": [\n                    \"Ana María\"\n                ]\n            }\n        ]\n    },\n    {\n        \"Id\": \"16ae0e25d4a-3feae9245e52e17a\",\n        \"Name\": \"Carpeta6ka\",\n        \"ACL\": \"Public\",\n        \"Idparent\": \"16ac20d9415-3fedb58bdb94afd4\",\n        \"Type\": \"Course\",\n        \"PDDate\": \"2019-08-12 20:26:50\",\n        \"PDAuthor\": \"root\",\n        \"ListAttr\": [\n            {\n                \"Name\": \"Classroom\",\n                \"Type\": \"String\",\n                \"Values\": [\n                    \"Aula 1Ak\"\n                ]\n            },\n            {\n                \"Name\": \"EndDate\",\n                \"Type\": \"Date\",\n                \"Values\": [\n                    \"\"\n                ]\n            },\n            {\n                \"Name\": \"StartDate\",\n                \"Type\": \"Date\",\n                \"Values\": [\n                    \"1983-11-12\"\n                ]\n            },\n            {\n                \"Name\": \"Subject\",\n                \"Type\": \"String\",\n                \"Values\": [\n                    \"\"\n                ]\n            },\n            {\n                \"Name\": \"Teacher\",\n                \"Type\": \"String\",\n                \"Values\": [\n                    \"\"\n                ]\n            }\n        ]\n    },\n    {\n        \"Id\": \"16c3e838da6-3fd7a6751fea68ae\",\n        \"Name\": \"SubRest\",\n        \"ACL\": \"Public\",\n        \"Idparent\": \"16ac20d9415-3fedb58bdb94afd4\",\n        \"Type\": \"PD_FOLDERS\",\n        \"PDDate\": \"2019-07-29 18:15:58\",\n        \"PDAuthor\": \"root\",\n        \"ListAttr\": []\n    }\n]"
						}
					]
				},
				{
					"name": "Search",
					"request": {
						"auth": {
							"type": "bearer",
							"bearer": [
								{
									"key": "token",
									"value": "eyJhbGciOiJIUzUxMiJ9.eyJzdWIiOiJyb290IiwiaWF0IjoxNTc1MjI1MDgyLCJleHAiOjE1NzUzMTE0ODIsImlzcyI6Ik9wZW5Qcm9kb2MifQ.JpGNWgfB5rJCGDMbrLCHwXeJIVcO5td-SQ9yLThODjsqp7wqst-jPT7r07IJCW9BVLEPHCSYyghMilbbcQDqSg",
									"type": "string"
								}
							]
						},
						"method": "POST",
						"header": [
							{
								"key": "Content-Type",
								"name": "Content-Type",
								"value": "application/json",
								"type": "text"
							},
							{
								"key": "OPDCred",
								"type": "text",
								"value": "root|root"
							},
							{
								"key": "Accept",
								"type": "text",
								"value": "application/json"
							}
						],
						"body": {
							"mode": "raw",
							"raw": "{\r\n    \"Query\": \"Select PDId,Title from Course2 where PDId<>'ooo'\",\r\n    \"Initial\": \"0\",\r\n    \"Final\": \"100\"\r\n}"
						},
						"url": {
							"raw": "http://localhost:8080/OPDAPIRest/APIRest/folders/Search",
							"protocol": "http",
							"host": [
								"localhost"
							],
							"port": "8080",
							"path": [
								"OPDAPIRest",
								"APIRest",
								"folders",
								"Search"
							]
						},
						"description": "returns list of folders attributes depending on Query"
					},
					"response": [
						{
							"name": "Search KO Bad Syntax",
							"originalRequest": {
								"method": "POST",
								"header": [
									{
										"key": "Content-Type",
										"name": "Content-Type",
										"value": "application/json",
										"type": "text"
									},
									{
										"key": "OPDCred",
										"type": "text",
										"value": "root|root"
									},
									{
										"key": "Accept",
										"type": "text",
										"value": "application/json"
									}
								],
								"body": {
									"mode": "raw",
									"raw": "{\r\n    \"Query\": \"Select PDId,Title from Course2 where PDId<>\",\r\n    \"Initial\": \"0\",\r\n    \"Final\": \"100\"\r\n}"
								},
								"url": {
									"raw": "http://localhost:8080/OPDAPIRest/APIRest/folders/Search",
									"protocol": "http",
									"host": [
										"localhost"
									],
									"port": "8080",
									"path": [
										"OPDAPIRest",
										"APIRest",
										"folders",
										"Search"
									]
								}
							},
							"status": "Not Acceptable",
							"code": 406,
							"_postman_previewlanguage": "json",
							"header": [
								{
									"key": "Server",
									"value": "GlassFish Server Open Source Edition  4.1.1 "
								},
								{
									"key": "X-Powered-By",
									"value": "Servlet/3.1 JSP/2.3 (GlassFish Server Open Source Edition  4.1.1  Java/Oracle Corporation/1.8)"
								},
								{
									"key": "Content-Type",
									"value": "application/json"
								},
								{
									"key": "Date",
									"value": "Thu, 29 Aug 2019 18:51:46 GMT"
								},
								{
									"key": "Content-Length",
									"value": "35"
								}
							],
							"cookie": [],
							"body": "{\n    \"Res\": \"KO\",\n    \"Msg\": \"Processing_SQL\"\n}"
						},
						{
							"name": "Search OK",
							"originalRequest": {
								"method": "POST",
								"header": [
									{
										"key": "Content-Type",
										"name": "Content-Type",
										"value": "application/json",
										"type": "text"
									},
									{
										"key": "OPDCred",
										"type": "text",
										"value": "root|root"
									},
									{
										"key": "Accept",
										"type": "text",
										"value": "application/json"
									}
								],
								"body": {
									"mode": "raw",
									"raw": "{\r\n    \"Query\": \"Select PDId,Title from Course2 where PDId<>'ttt'\",\r\n    \"Initial\": \"0\",\r\n    \"Final\": \"100\"\r\n}"
								},
								"url": {
									"raw": "http://localhost:8080/OPDAPIRest/APIRest/folders/Search",
									"protocol": "http",
									"host": [
										"localhost"
									],
									"port": "8080",
									"path": [
										"OPDAPIRest",
										"APIRest",
										"folders",
										"Search"
									]
								}
							},
							"status": "OK",
							"code": 200,
							"_postman_previewlanguage": "json",
							"header": [
								{
									"key": "Server",
									"value": "GlassFish Server Open Source Edition  4.1.1 "
								},
								{
									"key": "X-Powered-By",
									"value": "Servlet/3.1 JSP/2.3 (GlassFish Server Open Source Edition  4.1.1  Java/Oracle Corporation/1.8)"
								},
								{
									"key": "Content-Type",
									"value": "application/json"
								},
								{
									"key": "Date",
									"value": "Thu, 29 Aug 2019 18:45:38 GMT"
								},
								{
									"key": "Content-Length",
									"value": "289"
								}
							],
							"cookie": [],
							"body": "[\n    {\n        \"Attrs\": [\n            {\n                \"Name\": \"PDId\",\n                \"Type\": \"String\",\n                \"Values\": [\n                    \"16c332348ce-3fc85b0fa22bb32c\"\n                ]\n            },\n            {\n                \"Name\": \"Title\",\n                \"Type\": \"String\",\n                \"Values\": [\n                    \"Test SQL\"\n                ]\n            }\n        ]\n    },\n    {\n        \"Attrs\": [\n            {\n                \"Name\": \"PDId\",\n                \"Type\": \"String\",\n                \"Values\": [\n                    \"16c3e845fc4-3fd418e96d87a73a\"\n                ]\n            },\n            {\n                \"Name\": \"Title\",\n                \"Type\": \"String\",\n                \"Values\": [\n                    \"Test Arbol SQL\"\n                ]\n            }\n        ]\n    }\n]"
						}
					]
				}
			],
			"description": "Set of methods related with the manage of folders",
			"auth": {
				"type": "bearer",
				"bearer": [
					{
						"key": "token",
						"value": "eyJhbGciOiJIUzUxMiJ9.eyJzdWIiOiJBbmEiLCJpYXQiOjE1Njc3OTQ1MjIsImV4cCI6MTU2Nzg4MDkyMiwiaXNzIjoiT3BlblByb2RvYyJ9.GftAV0KGfTf0WDRPcZc_cB8W88XbaFmBJnMrLGzQHb2p7i9DXxafbtsUz9hjbD3CvRtussGDUF9ymWrp_Bbzgw",
						"type": "string"
					}
				]
			},
			"event": [
				{
					"listen": "prerequest",
					"script": {
						"id": "fe918022-8489-4912-94fd-0b80a4121a71",
						"type": "text/javascript",
						"exec": [
							""
						]
					}
				},
				{
					"listen": "test",
					"script": {
						"id": "f5c21428-2429-494e-b832-2095100adc44",
						"type": "text/javascript",
						"exec": [
							""
						]
					}
				}
			]
		},
		{
			"name": "Thesauri",
			"item": [
				{
					"name": "Insert Thesaur",
					"event": [
						{
							"listen": "test",
							"script": {
								"id": "278d2504-dac2-475c-b8cb-c4852e8cd746",
								"exec": [
									"pm.test(\"Status code is 200\", function () {",
									"    pm.response.to.have.status(200);",
									"});",
									"pm.test(\"Creado\", function () {",
									"    pm.expect(pm.response.text()).to.include(\"Creado\");",
									"});"
								],
								"type": "text/javascript"
							}
						}
					],
					"request": {
						"method": "POST",
						"header": [
							{
								"key": "Content-Type",
								"type": "text",
								"value": "application/json"
							},
							{
								"key": "Accept",
								"type": "text",
								"value": "application/json"
							}
						],
						"body": {
							"mode": "raw",
							"raw": "{\r\n    \"Name\": \"BU REST\",\r\n    \"Descrip\": \"Business Units/Áreas de Negocio REST\",\r\n    \"Lang\": \"ES\",\r\n    \"SCN\": \"Una nota\",\r\n    \"ParentId\": \"77777\"\r\n}"
						},
						"url": {
							"raw": "http://localhost:8080/OPDAPIRest/APIRest/thesauri",
							"protocol": "http",
							"host": [
								"localhost"
							],
							"port": "8080",
							"path": [
								"OPDAPIRest",
								"APIRest",
								"thesauri"
							]
						},
						"description": "Inserts a Thesaur described by json body"
					},
					"response": []
				},
				{
					"name": "Update Thesaur ById",
					"event": [
						{
							"listen": "test",
							"script": {
								"id": "a5966d54-7457-45ad-be85-1c24acddefef",
								"exec": [
									"pm.test(\"Status code is 200\", function () {",
									"    pm.response.to.have.status(200);",
									"});",
									"pm.test(\"Updated\", function () {",
									"    pm.expect(pm.response.text()).to.include(\"Updated\");",
									"});"
								],
								"type": "text/javascript"
							}
						}
					],
					"request": {
						"method": "PUT",
						"header": [
							{
								"key": "Content-Type",
								"type": "text",
								"value": "application/json"
							},
							{
								"key": "Accept",
								"type": "text",
								"value": "application/json"
							}
						],
						"body": {
							"mode": "raw",
							"raw": "{\r\n    \"Name\": \"BU REST 2\",\r\n    \"Descrip\": \"Business Units/Áreas de Negocio REST 2\",\r\n    \"Lang\": \"EN\",\r\n    \"SCN\": \"Una nota 2\"\r\n}"
						},
						"url": {
							"raw": "http://localhost:8080/OPDAPIRest/APIRest/thesauri/ById/16cd96824ad-3fb0d7ef57d82",
							"protocol": "http",
							"host": [
								"localhost"
							],
							"port": "8080",
							"path": [
								"OPDAPIRest",
								"APIRest",
								"thesauri",
								"ById",
								"16cd96824ad-3fb0d7ef57d82"
							]
						},
						"description": "Updates a Thesaur described by json body and referenced by url Id"
					},
					"response": []
				},
				{
					"name": "get Metadata ById",
					"event": [
						{
							"listen": "test",
							"script": {
								"id": "7e876dc7-824e-43f7-a95f-320418da00ef",
								"exec": [
									"pm.test(\"Status code is 200\", function () {",
									"    pm.response.to.have.status(200);",
									"});"
								],
								"type": "text/javascript"
							}
						}
					],
					"request": {
						"method": "GET",
						"header": [
							{
								"key": "Accept",
								"type": "text",
								"value": "application/json"
							}
						],
						"url": {
							"raw": "http://localhost:8080/OPDAPIRest/APIRest/thesauri/ById/16cd96824ad-3fb0d7ef57d82",
							"protocol": "http",
							"host": [
								"localhost"
							],
							"port": "8080",
							"path": [
								"OPDAPIRest",
								"APIRest",
								"thesauri",
								"ById",
								"16cd96824ad-3fb0d7ef57d82"
							]
						},
						"description": "returns metadata of a Thesaur identified by Id"
					},
					"response": []
				},
				{
					"name": "DeleteById",
					"event": [
						{
							"listen": "test",
							"script": {
								"id": "d90df27e-a2ed-4e58-a9fe-afd145dd16e1",
								"exec": [
									"pm.test(\"Status code is 200\", function () {",
									"    pm.response.to.have.status(200);",
									"});",
									"pm.test(\"Deleted\", function () {",
									"    pm.expect(pm.response.text()).to.include(\"Deleted\");",
									"});"
								],
								"type": "text/javascript"
							}
						}
					],
					"request": {
						"method": "DELETE",
						"header": [
							{
								"key": "Accept",
								"type": "text",
								"value": "application/json"
							}
						],
						"url": {
							"raw": "http://localhost:8080/OPDAPIRest/APIRest/thesauri/ById/16cd96824ad-3fb0d7ef57d82",
							"protocol": "http",
							"host": [
								"localhost"
							],
							"port": "8080",
							"path": [
								"OPDAPIRest",
								"APIRest",
								"thesauri",
								"ById",
								"16cd96824ad-3fb0d7ef57d82"
							]
						},
						"description": "Deletes a Thesaur identified by Id"
					},
					"response": []
				},
				{
					"name": "getSubThesaursById",
					"event": [
						{
							"listen": "test",
							"script": {
								"id": "c553dfdf-7c79-4df0-b9d3-fc06678a6592",
								"exec": [
									"pm.test(\"Status code is 200\", function () {",
									"    pm.response.to.have.status(200);",
									"});"
								],
								"type": "text/javascript"
							}
						}
					],
					"request": {
						"method": "GET",
						"header": [
							{
								"key": "Accept",
								"type": "text",
								"value": "application/json"
							}
						],
						"url": {
							"raw": "http://localhost:8080/OPDAPIRest/APIRest/thesauri/SubThesById/77777?Initial=0&Final=200",
							"protocol": "http",
							"host": [
								"localhost"
							],
							"port": "8080",
							"path": [
								"OPDAPIRest",
								"APIRest",
								"thesauri",
								"SubThesById",
								"77777"
							],
							"query": [
								{
									"key": "Initial",
									"value": "0",
									"description": "FirstElement of the list to be returned (Included)"
								},
								{
									"key": "Final",
									"value": "200",
									"description": "Last Element to be returned (Excluded)"
								}
							]
						},
						"description": "returns list of subterms of a Term identified by Id"
					},
					"response": []
				},
				{
					"name": "Search",
					"event": [
						{
							"listen": "test",
							"script": {
								"id": "0c5cd253-68f9-4450-bdac-2c4766624b92",
								"exec": [
									"pm.test(\"Status code is 200\", function () {",
									"    pm.response.to.have.status(200);",
									"});"
								],
								"type": "text/javascript"
							}
						}
					],
					"request": {
						"method": "POST",
						"header": [
							{
								"key": "Content-Type",
								"name": "Content-Type",
								"type": "text",
								"value": "application/json"
							},
							{
								"key": "Accept",
								"type": "text",
								"value": "application/json"
							}
						],
						"body": {
							"mode": "raw",
							"raw": "{\r\n    \"Query\": \"Select * from this where ParentId='77777'\",\r\n    \"Initial\": \"0\",\r\n    \"Final\": \"100\"\r\n}"
						},
						"url": {
							"raw": "http://localhost:8080/OPDAPIRest/APIRest/thesauri/Search",
							"protocol": "http",
							"host": [
								"localhost"
							],
							"port": "8080",
							"path": [
								"OPDAPIRest",
								"APIRest",
								"thesauri",
								"Search"
							]
						},
						"description": "returns list of Terms attributes depending on Query"
					},
					"response": []
				}
			],
			"description": "Set of methods related to the manege of thesauri terms",
			"auth": {
				"type": "bearer",
				"bearer": [
					{
						"key": "token",
						"value": "eyJhbGciOiJIUzUxMiJ9.eyJzdWIiOiJyb290IiwiaWF0IjoxNTY2NzM2MDE4LCJleHAiOjE1NjY4MjI0MTgsImlzcyI6Ik9wZW5Qcm9kb2MifQ.B51yxeQ89oNpVK_s9r7dK_fnhWEe98UQlw4UnF3Zp6eJBXv95O5y510SsUckkpWJMeGZ7LlViFhSGCpKs_DHgw",
						"type": "string"
					}
				]
			},
			"event": [
				{
					"listen": "prerequest",
					"script": {
						"id": "fe918022-8489-4912-94fd-0b80a4121a71",
						"type": "text/javascript",
						"exec": [
							""
						]
					}
				},
				{
					"listen": "test",
					"script": {
						"id": "f5c21428-2429-494e-b832-2095100adc44",
						"type": "text/javascript",
						"exec": [
							""
						]
					}
				}
			]
		},
		{
			"name": "Documents",
			"item": [
				{
					"name": "Insert Document",
					"event": [
						{
							"listen": "test",
							"script": {
								"id": "da637365-c310-4356-b2f8-a46ab6441607",
								"exec": [
									"pm.test(\"Status code is 200\", function () {",
									"    pm.response.to.have.status(200);",
									"});",
									"pm.test(\"Creado\", function () {",
									"    pm.expect(pm.response.text()).to.include(\"Creado\");",
									"});"
								],
								"type": "text/javascript"
							}
						}
					],
					"request": {
						"method": "POST",
						"header": [
							{
								"key": "Content-Type",
								"type": "text",
								"value": "application/json"
							},
							{
								"key": "Accept",
								"type": "text",
								"value": "application/json"
							}
						],
						"body": {
							"mode": "formdata",
							"formdata": [
								{
									"key": "Metadata",
									"value": "{\"Title\":\"Prueba Insert 3\",\"ACL\":\"Public\",\"Idparent\":\"15db8ae908c-3fe9b47f5f572394\",\"Type\":\"ECM_Standards\",\"VerLabel\":\"1.0\",\"DocDate\":\"1999-09-22\",\"PDDate\":\"2017-08-06 19:53:54\",\"PDAuthor\":\"root\",\"ListAttr\":[{\"Name\":\"Author\",\"Type\":\"String\",\"Values\":[\"Committee on Descriptive Standards\"]},{\"Name\":\"CreativeCommons\",\"Type\":\"Boolean\",\"Values\":[\"0\"]},{\"Name\":\"DocScope\",\"Type\":\"String\",\"Values\":[\"World\"]},{\"Name\":\"DocCode\",\"Type\":\"String\",\"Values\":[\"ISBN 0-9696035-5-X\"]},{\"Name\":\"Keywords\",\"Type\":\"String\",\"Values\":[\"Archival materials--Standards\",\"International Council on Archives\"]}]}",
									"description": "Metadata",
									"type": "text"
								},
								{
									"key": "Binary",
									"description": "File to upload",
									"type": "file",
									"src": "/D:/Tmp/LogoProdoc.jpg"
								}
							]
						},
						"url": {
							"raw": "http://localhost:8080/OPDAPIRest/APIRest/documents",
							"protocol": "http",
							"host": [
								"localhost"
							],
							"port": "8080",
							"path": [
								"OPDAPIRest",
								"APIRest",
								"documents"
							]
						},
						"description": "Inserts a Document described by json body"
					},
					"response": []
				},
				{
					"name": "Update Document ById",
					"event": [
						{
							"listen": "test",
							"script": {
								"id": "842339f3-bf8c-441b-8e10-7e1cae3d40d9",
								"exec": [
									"pm.test(\"Status code is 200\", function () {",
									"    pm.response.to.have.status(200);",
									"});",
									"pm.test(\"Updated\", function () {",
									"    pm.expect(pm.response.text()).to.include(\"Updated\");",
									"});"
								],
								"type": "text/javascript"
							}
						}
					],
					"request": {
						"method": "PUT",
						"header": [
							{
								"key": "Content-Type",
								"type": "text",
								"value": "application/json"
							},
							{
								"key": "Accept",
								"type": "text",
								"value": "application/json"
							}
						],
						"body": {
							"mode": "formdata",
							"formdata": [
								{
									"key": "Metadata",
									"value": "{\"Title\":\"Prueba Insert 4\",\"ACL\":\"Public\",\"Idparent\":\"15db8ae908c-3fe9b47f5f572394\",\"Type\":\"ECM_Standards\",\"VerLabel\":\"1.1\",\"DocDate\":\"2000-10-27\",\"PDDate\":\"2017-08-06 19:53:54\",\"PDAuthor\":\"root\",\"ListAttr\":[{\"Name\":\"Author\",\"Type\":\"String\",\"Values\":[\"Committee on Descriptive Standards 2\"]},{\"Name\":\"CreativeCommons\",\"Type\":\"Boolean\",\"Values\":[\"0\"]},{\"Name\":\"DocScope\",\"Type\":\"String\",\"Values\":[\"World 2 \"]},{\"Name\":\"DocCode\",\"Type\":\"String\",\"Values\":[\"ISBN 0-9696035-5-X 2\"]},{\"Name\":\"Keywords\",\"Type\":\"String\",\"Values\":[\"Archival materials--Standards 2\",\"International Council on Archives 2\"]}]}",
									"description": "Metadata",
									"type": "text"
								},
								{
									"key": "Binary",
									"type": "file",
									"src": "/D:/Tmp/PICT2518.JPG"
								}
							]
						},
						"url": {
							"raw": "http://localhost:8080/OPDAPIRest/APIRest/documents/ById/16cc35fbf6d-3fe5fc52898033a2",
							"protocol": "http",
							"host": [
								"localhost"
							],
							"port": "8080",
							"path": [
								"OPDAPIRest",
								"APIRest",
								"documents",
								"ById",
								"16cc35fbf6d-3fe5fc52898033a2"
							]
						},
						"description": "Updates a document described by json body and referenced by url Id"
					},
					"response": []
				},
				{
					"name": "Document Metadata getById",
					"event": [
						{
							"listen": "test",
							"script": {
								"id": "a2ef6303-8abc-496a-9eca-68b56bd7e9be",
								"exec": [
									"pm.test(\"Status code is 200\", function () {",
									"    pm.response.to.have.status(200);",
									"});"
								],
								"type": "text/javascript"
							}
						}
					],
					"request": {
						"method": "GET",
						"header": [
							{
								"key": "Accept",
								"value": "application/json",
								"type": "text"
							}
						],
						"url": {
							"raw": "http://localhost:8080/OPDAPIRest/APIRest/documents/ById/15db8ae914a-3fc4a9313b06b040",
							"protocol": "http",
							"host": [
								"localhost"
							],
							"port": "8080",
							"path": [
								"OPDAPIRest",
								"APIRest",
								"documents",
								"ById",
								"15db8ae914a-3fc4a9313b06b040"
							]
						},
						"description": "returns metadata of a Document identified by Id"
					},
					"response": []
				},
				{
					"name": "Document Content ById",
					"event": [
						{
							"listen": "test",
							"script": {
								"id": "39895299-dec6-457a-94d3-4e02e79f5876",
								"exec": [
									"pm.test(\"Status code is 200\", function () {",
									"    pm.response.to.have.status(200);",
									"});"
								],
								"type": "text/javascript"
							}
						}
					],
					"request": {
						"auth": {
							"type": "bearer",
							"bearer": [
								{
									"key": "token",
									"value": "eyJhbGciOiJIUzUxMiJ9.eyJzdWIiOiJyb290IiwiaWF0IjoxNTczMTY0MzY2LCJleHAiOjE1NzMyNTA3NjYsImlzcyI6Ik9wZW5Qcm9kb2MifQ.MiJU4D3kNeVacSNVsqLWKOnlRiCcSuDYd8YtNoO2RgJfnXU3aCv_YOniVtF8NrS-lDdwoP5jVqngoed9OzZ8bQ",
									"type": "string"
								}
							]
						},
						"method": "GET",
						"header": [
							{
								"key": "Accept",
								"type": "text",
								"value": "application/octet-stream"
							}
						],
						"url": {
							"raw": "http://localhost:8080/ProdocWeb2/APIRest/documents/ContentById/151400e57c7-3fd96624502ea29e",
							"protocol": "http",
							"host": [
								"localhost"
							],
							"port": "8080",
							"path": [
								"ProdocWeb2",
								"APIRest",
								"documents",
								"ContentById",
								"151400e57c7-3fd96624502ea29e"
							]
						},
						"description": "returns content/binary of a Document identified by Id"
					},
					"response": []
				},
				{
					"name": "Delete Document ById",
					"event": [
						{
							"listen": "test",
							"script": {
								"id": "c88266d3-554f-4426-a6d4-53a0057f19d3",
								"exec": [
									"pm.test(\"Status code is 200\", function () {",
									"    pm.response.to.have.status(200);",
									"});",
									"pm.test(\"Deleted\", function () {",
									"    pm.expect(pm.response.text()).to.include(\"Deleted\");",
									"});"
								],
								"type": "text/javascript"
							}
						}
					],
					"request": {
						"method": "DELETE",
						"header": [
							{
								"key": "Accept",
								"type": "text",
								"value": "application/json"
							}
						],
						"url": {
							"raw": "http://localhost:8080/OPDAPIRest/APIRest/documents/ById/15db8ae914a-77uuuu",
							"protocol": "http",
							"host": [
								"localhost"
							],
							"port": "8080",
							"path": [
								"OPDAPIRest",
								"APIRest",
								"documents",
								"ById",
								"15db8ae914a-77uuuu"
							]
						},
						"description": "Deletes a document identified by Id"
					},
					"response": []
				},
				{
					"name": "Search",
					"event": [
						{
							"listen": "test",
							"script": {
								"id": "35047ab5-8037-4829-8e61-35afc31c34da",
								"exec": [
									"pm.test(\"Status code is 200\", function () {",
									"    pm.response.to.have.status(200);",
									"});"
								],
								"type": "text/javascript"
							}
						}
					],
					"request": {
						"method": "POST",
						"header": [
							{
								"key": "Content-Type",
								"name": "Content-Type",
								"value": "application/json",
								"type": "text"
							},
							{
								"key": "Accept",
								"type": "text",
								"value": "application/json"
							}
						],
						"body": {
							"mode": "raw",
							"raw": "{\r\n    \"Query\": \"Select PDId,Title from PD_DOCS where PDId<>'ttt'\",\r\n    \"Initial\": \"0\",\r\n    \"Final\": \"100\"\r\n}"
						},
						"url": {
							"raw": "http://localhost:8080/OPDAPIRest/APIRest/documents/Search",
							"protocol": "http",
							"host": [
								"localhost"
							],
							"port": "8080",
							"path": [
								"OPDAPIRest",
								"APIRest",
								"documents",
								"Search"
							]
						},
						"description": "returns list of folders attributes depending on Query"
					},
					"response": []
				}
			],
			"description": "Set of methods related to the manage of documents",
			"auth": {
				"type": "bearer",
				"bearer": [
					{
						"key": "token",
						"value": "eyJhbGciOiJIUzUxMiJ9.eyJzdWIiOiJBbmEiLCJpYXQiOjE1NjcyNzQxNjksImV4cCI6MTU2NzM2MDU2OSwiaXNzIjoiT3BlblByb2RvYyJ9.RuMtmOfxzRcjkjSzYF-9CrpzTKFBSgHoVz1rUKgWvkkHSaaY2J0hjith7J_TLFCHvjJABKzwaKXMOSj9_PMR2Q",
						"type": "string"
					}
				]
			},
			"event": [
				{
					"listen": "prerequest",
					"script": {
						"id": "fe72c546-a2b2-42e6-9471-0b2f5ee2b1ea",
						"type": "text/javascript",
						"exec": [
							""
						]
					}
				},
				{
					"listen": "test",
					"script": {
						"id": "692047a3-f943-40b3-a208-1b0191de9f78",
						"type": "text/javascript",
						"exec": [
							""
						]
					}
				}
			]
		}
	]
}