<?xml version='1.0' encoding='UTF-8'?>
<ribbon>
    <item id='Folders' type='block' mode='cols' text='Maintenance Folders'>
        <item id='AddExtF' type='button' isbig='true' text='Extended Add' img='img/FoldAdd.png' />
        <item id='AddFold' type='button' text='Add' img='img/Fold.png' imgdis='img/Fold.png' />
        <item id='ModExtF' type='button' text='Update' img='img/FoldEdit.png' />
        <item id='DelFold' type='button' text='Delete' img='img/FoldDel.png' imgdis='img/FoldDel.png' />
    </item>
    <item id='Folders2' type='block' mode='cols' text='Folders Info'>
        <item id='RefreshFold' type='button' text='Refresh' img='img/refresh.png' imgdis='img/refresh.png' />
        <item id='SearchFold' type='button' text='Search' img='img/FoldSearch.png' imgdis='img/FoldSearch.png' />
        <item id='FoldReports' type='button' text='Reports' img='img/Reports.png' imgdis='img/Reports.png' />
    </item>
    <item id='Documentos' type='block' mode='cols' text='Maintenance Documents'>
        <item id='AddExtDoc' type='button' text='Extended Add' isbig='true' img='img/DocAdd.png' />
        <item id='AddDoc' type='button' text='Add' img='img/Doc.png' imgdis='img/Doc.png' />
        <item id='ChangeACL' type='button' text='Change ACL' img='img/DocACL.png' />
        <item id='DelDoc' type='button' text='Delete' img='img/DocDel.png' imgdis='img/DocDel.png' />
    </item>
    <item id='Documentos2' type='block' mode='cols' text='Documents Versions '>
        <item id='CheckOut' type='button' text='CheckOut' img='img/checkout.png' imgdis='img/checkout.png' />
        <item id='ModExtDoc' type='button' text='Update' img='img/DocEdit.png' imgdis='img/DocEdit.png' />
        <item id='CheckIn' type='button' text='CheckIn' img='img/checkin.png' imgdis='img/checkin.png' />
        <item id='CancelCheckOut' type='button' text='Cancel CheckOut' img='img/cancelcheckout.png' imgdis='img/cancelcheckout.png' />
        <item id='ListVer' type='button' text='Versions' img='img/ListVers.png' imgdis='img/ListVers.png' />
        <item id='SearchDoc' type='button' text='Search' img='img/DocSearch.png' imgdis='img/DocSearch.png' />
    </item>
    <item id='Other' type='block' mode='cols' text='Other Tasks'>
        <item id='Thesaurus' type='button' text='Thesaurus' isbig='true' img='img/Thesaurus.png' />
    </item>
    <item id='AdminDoc' type='block' mode='cols' text='Adm.Doc'>
        <item id='ObjDef' type='button' text="Object definitions"/>
        <item id='MimeTypes' type='button' text='Mime Types'/>
        <item id='Repositories' type='button' text='Repositories'/>
    </item>
    <item id='AdminSec' type='block' mode='cols' text='Adm.Sec'>
        <item id='ACL' type='button' text='ACL'/>
        <item id='Groups' type='button' text='Groups'/>
        <item id='Users' type='button' text='Users'/>
        <item id='Roles' type='button' text='Roles'/>
        <item id='Authenticators' type='button' text="Authenticators"/>
        <item id='Customizations' type='button' text='Customizations'/>
    </item>
    <item id='AdminTasks' type='block' mode='cols' text='Adm.Tasks'>
        <item id='TaskCron' type='button' text='Task Cron'/>
        <item id='TaskEvents' type='button' text='Task Events'/>
        <item id='PendTasklog' type='button' text='Pending Task log'/>
        <item id='EndTasksLogs' type='button' text='Ended Tasks Logs'/>
        <item id='TraceLogs' type='button' text='Trace Logs'/>
    </item>
</ribbon>
